Gilberte,Abate,gabate0@slate.com,60 Declaration Lane,Garland,TX,75044
Levon,Bagguley,lbagguley1@e-recht24.de,18406 Rowland Lane,Orlando,FL,32868
Andy,Trelevan,atrelevan2@youtube.com,9959 Killdeer Terrace,Cincinnati,OH,45228
Yule,Fairbank,yfairbank3@mozilla.org,134 Golf Course Pass,Rochester,NY,14652
Raeann,Stenbridge,rstenbridge4@storify.com,8362 Forest Dale Road,Johnson City,TN,37605
Che,Philliskirk,cphilliskirk5@illinois.edu,2543 Arkansas Plaza,New York City,NY,10292
Darcy,Durning,ddurning6@nature.com,28203 Butternut Lane,Colorado Springs,CO,80995
Herbert,Donke,hdonke7@i2i.jp,73732 Golf Court,Colorado Springs,CO,80930
Lowrance,Gouck,lgouck8@ebay.co.uk,142 Fordem Lane,Laredo,TX,78044
Hall,Radeliffe,hradeliffe9@yellowpages.com,7 Mesta Park,Sterling,VA,20167
Tucky,Jonson,tjonsona@w3.org,9937 Gateway Way,Trenton,NJ,08695
Xymenes,Wayte,xwayteb@bloglines.com,1533 Continental Crossing,Kansas City,MO,64149
Matthias,Bramall,mbramallc@theglobeandmail.com,263 Hanson Place,Jamaica,NY,11431
Dorita,Pawlett,dpawlettd@engadget.com,2 Novick Trail,Murfreesboro,TN,37131
Win,Luchetti,wluchettie@ning.com,6 Washington Crossing,Cincinnati,OH,45249
Rowney,Skarr,rskarrf@hibu.com,98 Sullivan Alley,High Point,NC,27264
Christen,Bairnsfather,cbairnsfatherg@washington.edu,330 Moland Circle,Saint Paul,MN,55172
Linn,Saldler,lsaldlerh@domainmarket.com,2 Thompson Drive,Canton,OH,44720
Gerty,Hadcroft,ghadcrofti@theglobeandmail.com,9255 Eagle Crest Plaza,Saint Petersburg,FL,33742
Joycelin,McCrann,jmccrannj@smugmug.com,3888 Bobwhite Circle,Alpharetta,GA,30022
Rollins,Farnell,rfarnellk@wiley.com,35025 Ludington Junction,Fort Lauderdale,FL,33345
Vernen,Pimerick,vpimerickl@wikimedia.org,2 Blackbird Alley,Tacoma,WA,98411
Desiri,Gabbidon,dgabbidonm@xrea.com,7 Gateway Circle,Wilmington,NC,28405
Lulu,Yurenin,lyureninn@uol.com.br,90 Bartelt Place,Plano,TX,75074
Vale,De la Yglesia,vdelayglesiao@blogspot.com,85800 Bonner Parkway,York,PA,17405
Sigmund,Ledger,sledgerp@usgs.gov,43 Vidon Avenue,Winston Salem,NC,27110
Marrilee,Towsey,mtowseyq@discuz.net,6 Grasskamp Crossing,Lakeland,FL,33805
Karine,Chislett,kchislettr@ft.com,0909 Emmet Court,Albany,NY,12237
Gale,Lidington,glidingtons@slideshare.net,64322 Bartelt Trail,Miami,FL,33169
Maddalena,Rennard,mrennardt@nytimes.com,303 Anzinger Park,Birmingham,AL,35220
Vera,Bakhrushin,vbakhrushinu@aboutads.info,922 Ridge Oak Center,Panama City,FL,32405
Zelda,Marti,zmartiv@google.cn,52919 7th Drive,Midland,TX,79705
Tommie,Morris,tmorrisw@ed.gov,73481 Bunting Road,Carol Stream,IL,60351
Duane,Downham,ddownhamx@auda.org.au,9696 Sherman Way,Columbia,SC,29220
Christy,Rannells,crannellsy@cpanel.net,5 Schiller Parkway,New Haven,CT,06505
Way,Raftery,wrafteryz@people.com.cn,4 Hanson Park,Miami Beach,FL,33141
Rosabelle,Higgen,rhiggen10@nytimes.com,43210 Anthes Point,Philadelphia,PA,19184
Gwenny,Bainbrigge,gbainbrigge11@virginia.edu,011 Lakewood Place,Birmingham,AL,35254
Reynold,Feldharker,rfeldharker12@eepurl.com,07 Autumn Leaf Crossing,Charlottesville,VA,22903
Elmo,Cockshutt,ecockshutt13@prweb.com,259 Basil Trail,Conroe,TX,77305
Corrinne,Mowat,cmowat14@ft.com,69508 Grover Circle,Tacoma,WA,98424
Garreth,Yeell,gyeell15@shutterfly.com,9113 Cody Avenue,Sacramento,CA,95818
Igor,Scandrick,iscandrick16@phpbb.com,3831 Crowley Park,Des Moines,IA,50936
Geoffry,Meran,gmeran17@instagram.com,3 Moland Hill,Fairbanks,AK,99709
Aurelie,Daventry,adaventry18@jigsy.com,63183 Michigan Circle,Lakeland,FL,33805
Virgie,Quigley,vquigley19@cargocollective.com,99 Gina Terrace,Charleston,WV,25305
Sampson,Dunderdale,sdunderdale1a@multiply.com,49650 Marquette Parkway,Memphis,TN,38131
Gavan,covino,gcovino1b@4shared.com,74 Merrick Place,Evansville,IN,47712
Leroi,Geere,lgeere1c@xing.com,2139 Kipling Pass,San Antonio,TX,78220
Janith,Sigge,jsigge1d@ebay.com,23444 Lakewood Terrace,Shawnee Mission,KS,66215
Rodney,Norquay,rnorquay1e@so-net.ne.jp,07 4th Place,Houston,TX,77271
Daveen,Menaul,dmenaul1f@webeden.co.uk,963 Swallow Way,Corpus Christi,TX,78465
Erinn,Sycamore,esycamore1g@rediff.com,3351 Knutson Pass,Richmond,VA,23237
Abey,Powter,apowter1h@technorati.com,6 Leroy Point,Houston,TX,77299
Kizzie,Hebborn,khebborn1i@msn.com,513 Green Ridge Avenue,Loretto,MN,55598
Gale,Arnefield,garnefield1j@apache.org,89 Ruskin Center,Minneapolis,MN,55407
Tyrus,Puzey,tpuzey1k@foxnews.com,0 Vahlen Street,Des Moines,IA,50330
Kerwin,MacLaughlin,kmaclaughlin1l@comsenz.com,10910 Forster Lane,Torrance,CA,90510
Tamas,Pashler,tpashler1m@state.gov,5 Donald Junction,New York City,NY,10131
Randa,Elders,relders1n@sciencedaily.com,235 Pankratz Center,Saint Louis,MO,63136
Cyrillus,Weinberg,cweinberg1o@hibu.com,87 Sauthoff Park,San Bernardino,CA,92415
Ashla,Vela,avela1p@chronoengine.com,43827 Sutherland Pass,Miami,FL,33169
Rosa,Crush,rcrush1q@walmart.com,92 Esker Pass,Alexandria,LA,71307
Dorita,Kinforth,dkinforth1r@google.com.hk,558 Red Cloud Park,Green Bay,WI,54313
Chaim,McKerton,cmckerton1s@walmart.com,834 Sherman Avenue,Tampa,FL,33620
Erma,Corssen,ecorssen1t@privacy.gov.au,5898 Corry Lane,Mansfield,OH,44905
Shandee,Foulger,sfoulger1u@hp.com,12617 New Castle Junction,Madison,WI,53705
Jennee,Leathe,jleathe1v@gmpg.org,2285 Novick Alley,San Francisco,CA,94126
Jacquetta,Fanthome,jfanthome1w@ebay.com,78 Milwaukee Park,New York City,NY,10014
Stormie,Wilfinger,swilfinger1x@spotify.com,1622 Clove Court,Detroit,MI,48242
Dicky,Hugnot,dhugnot1y@plala.or.jp,4872 Main Way,Fayetteville,NC,28305
Gregorius,De Vries,gdevries1z@reference.com,4 Hintze Parkway,Pittsburgh,PA,15286
Hakeem,Antley,hantley20@businessinsider.com,3269 Arkansas Court,Baton Rouge,LA,70883
Nertie,Jedrasik,njedrasik21@time.com,02 Boyd Court,San Jose,CA,95155
Gaven,Averall,gaverall22@rediff.com,00 Starling Alley,Norfolk,VA,23509
Rochelle,Seel,rseel23@topsy.com,4016 Merry Junction,New Haven,CT,06533
Ricky,Letty,rletty24@squarespace.com,0 Homewood Crossing,Shawnee Mission,KS,66215
Rakel,McVity,rmcvity25@elpais.com,25490 Spohn Lane,San Antonio,TX,78296
Ericka,Maron,emaron26@uol.com.br,4 Karstens Avenue,San Jose,CA,95173
Norby,Bestman,nbestman27@fema.gov,3571 Buhler Pass,Denton,TX,76210
Anselm,Romaines,aromaines28@nba.com,9 Texas Crossing,Yonkers,NY,10705
Tynan,Jeannin,tjeannin29@umn.edu,7 Carberry Park,Fresno,CA,93773
Dulce,Aspinwall,daspinwall2a@hp.com,7925 Thierer Trail,Columbia,SC,29203
Kristo,Leggat,kleggat2b@google.fr,6 Arrowood Junction,Green Bay,WI,54305
Arline,Bennison,abennison2c@arstechnica.com,55147 Prairieview Way,New York City,NY,10029
Piotr,Thurnham,pthurnham2d@ifeng.com,9812 Dovetail Crossing,Honolulu,HI,96835
Micheline,Woloschin,mwoloschin2e@webmd.com,4629 Vera Alley,Arlington,TX,76004
Melisenda,Cheesworth,mcheesworth2f@arstechnica.com,385 Mallory Pass,Omaha,NE,68117
Jermain,Beamond,jbeamond2g@taobao.com,562 Village Road,Tulsa,OK,74184
Laurens,McCurley,lmccurley2h@spotify.com,922 Manufacturers Plaza,Valley Forge,PA,19495
Bertina,Halso,bhalso2i@slideshare.net,68 Morningstar Pass,Augusta,GA,30919
Merline,Kyllford,mkyllford2j@wikia.com,55853 Merrick Plaza,Oklahoma City,OK,73114
Jeane,Slot,jslot2k@stanford.edu,7 Maryland Center,Lubbock,TX,79405
Lamont,Antonias,lantonias2l@360.cn,24690 Sauthoff Street,Madison,WI,53705
Sher,Berridge,sberridge2m@de.vu,5 Bartelt Point,Pompano Beach,FL,33069
Codie,Gerling,cgerling2n@ask.com,890 Delladonna Pass,Detroit,MI,48258
Darby,Bendan,dbendan2o@tinypic.com,604 Vernon Parkway,Gilbert,AZ,85297
Pepi,Linge,plinge2p@topsy.com,14 Kinsman Hill,Palmdale,CA,93591
Isaiah,Scamadin,iscamadin2q@51.la,8 Kropf Park,Schenectady,NY,12325
Tarra,Kinson,tkinson2r@illinois.edu,4 Rockefeller Junction,Pittsburgh,PA,15220
